Product,Quantity,Price,Category
Ispahani Mirzapore Best Leaf Tea,400 gm,210,Beverage
Brooke Bond Taaza Black Tea (Jar Free) 400 gm*2,,398,Beverage
Brooke Bond Taaza Black Tea,400 gm,199,Beverage
Ispahani Mirzapore Tea Bag,50 pcs,90,Beverage
Ispahani Mirzapore Best Leaf Tea,200 gm,110,Beverage
Kazi & Kazi Green Tea 60 gm,40 pcs,160,Beverage
Danish Simla Premium Blend Tea (Free Jar),400 gm,200,Beverage
Brooke Bond Black Tea,200 gm,100,Beverage
Finlays Pure Green Tea Bags 100 gm,50 pcs,100,Beverage
Fresh Premium Tea (Free Jar),400 gm,200,Beverage
Ispahani Blender's Choice Premium Green Tea,50 pcs,200,Beverage
Lipton Green Tea Bag Honey and Lemon,25 pcs,140,Beverage
Kazi & Kazi Ginger Tea 60 gm,40 pcs,150,Beverage
Magnolia Garden Fresh Tea (1 pcs Spoon Free),500 gm,200,Beverage
Nestea Iced Tea Lemon,500 gm,300,Beverage
Red Label Black Tea,400 gm,270,Beverage
Ispahani Blender's Choice Premium Tea 50 Bags ,,145,Beverage
Tulsi Pati Lemon & Ginger Tea 45 gm,30 pcs,120,Beverage
Kazi & Kazi Tulsi Tea,60 gm,150,Beverage
Tata Tea Tetley Premium Leaf,200 gm,100,Beverage
Hyson Chamomile Organic Infusion Tea,22.5 gm,200,Beverage
Fresh Premium Green Tea,37.5 gm,110,Beverage
Red Label Black Tea,200 gm,140,Beverage
Lipton Green Tea Bag Pure & Light,25 pcs,120,Beverage
Kazi & Kazi Orthodox Green Tea,100 gm,190,Beverage
Ispahani Zareen Premium Tea,400 gm,250,Beverage
Rigs 3 In 1 Premium Coffee Premix,1 kg,550,Beverage
Tata Tea Gold,200 gm,125,Beverage
Ispahani Blender's Choice Green Tea 37.5 gm,25 pcs,110,Beverage
Lipton 3 In 1 Tarik Instant Milk Tea,12 pcs,448,Beverage
Lipton Instant 3 In 1 Classic Milk Tea,12 pcs,448,Beverage
Kazi & Kazi Green Lemongrass Tea,60 gm,170,Beverage
Lipton 3 In 1 Halia Milk Instant Tea,12 pcs,448,Beverage
Tetley Masala Chai Tea Bag,25 pcs,150,Beverage
Jafflong Green Tea,125 gm,110,Beverage
Kazi & Kazi Black Tea,80 gm,125,Beverage
Rigs Herbs Pure Green Tea 45 gm,30 pcs,130,Beverage
Lipton Green Tea Bag Pure & Light,50 pcs,230,Beverage
Halda Valley Golden Eyebrow Black Tea (Free Autumn Flush Tea Spoon),85 gm,595,Beverage
Ispahani Eker Bhetor Tin Offer,each,590,Beverage
Jafflong Classic Tea,200 gm,106,Beverage
Fresh Premium Masala Tea,50 gm,100,Beverage
Ispahani Blender's Choice Black Tea,200 gm,160,Beverage
Jafflong Classic Tea,400 gm,206,Beverage
Halda Velly Golden Eyebrow Black Tea (Free Autumn Flush Tea Pot),170 gm,1190,Beverage
Halda Valley Golden Eyebrow Black Tea (Free Autumn Flush Tea Infuser),50 gm,365,Beverage
Finlay Midoro Green Tea Jar,80 gm,500,Beverage
Hyson Premium Green Tea,50 gm,160,Beverage
Pusti Gold Tea,500 gm,210,Beverage
Kazi & Kazi Green Mint Tea 37.5 gm,25 pcs,300,Beverage
Tora Bika Cappuccino (25 gm*6),6 pcs,150,Beverage
Nestlé Nescafé Classic Instant Coffee Jar,50 gm,165,Beverage
Nestlé NESCAFE 3 in 1 Coffee Mix (15 gm*12),12 pcs,120,Beverage
Nestlé Nescafé Classic Instant Coffee Jar,200 gm,495,Beverage
Nestlé Nescafe Classic Pouch Pack (Tin Container Free),200 gm,350,Beverage
Tora Bika Creamy Latte (25 gm*6),6 pcs,150,Beverage
Kopiko White Mocca Mocha Coffee (20 gm x 6),6 pcs,108,Beverage
Nestle Coffee Mate Richer & Creamer BIB,450 gm,270,Beverage
Nestle Nescafe Gold Blend Rich and Smooth Coffee Powder,100 gm,450,Beverage
Nestle Coffee Mate Richer & Creamer Plastic Jar,400 gm,285,Beverage
Nescafe Original Coffee (Indonesia),200 gm,499,Beverage
Kopiko Brown Coffee (20 gm*6),6 pcs,108,Beverage
Nestlé Nescafé Classic Instant Coffee Jar,100 gm,300,Beverage
Nestle Nescafe Gold Blend Rich and Smooth Coffee Powder,50 gm,300,Beverage
Nestea Iced Tea Lemon,500 gm,300,Beverage
Noble Brazil Extra ordinary Instant Coffee Jar,100 gm,400,Beverage
Kopiko Black Coffee (30 gm*10),10 pcs,250,Beverage
Davidoff Crema Intense Coffee,90 ml,507,Beverage
Excelso Robusta Gold Roasted & Ground Coffee,200 gm,420,Beverage
Santos Cappuccino Instant Coffee Premix (Sachet 25 gm),20 pcs,600,Beverage
Noble Single Origin Brazil Instant Coffee Jar,100 gm,500,Beverage
Nescafe Gold Jar,190 gm,958,Beverage
North End Espresso Roast Ground Coffee,250 gm,690,Beverage
Delta Decafe Caffaine Free Instant Coffee Jar,100 gm,500,Beverage
North End French Roast Ground Coffee,250 gm,690,Beverage
North End French Roast Whole Bean Coffee,250 gm,690,Beverage
North End Espresso Roast Whole Bean Coffee,250 gm,690,Beverage
North End Brazil Whole Bean Coffee,250 gm,660,Beverage
North End Brazil Whole Bean Coffee,450 gm,1150,Beverage
North End Brazil Ground Coffee,250 gm,660,Beverage
Nescafe Matinal Jar,230 gm,455,Beverage
Mac Coffee Gold  (Pouch),95 gm,350,Beverage
Mac Coffee Gold Jar,50 gm,295,Beverage
Bru Original Coffee Jar,200 gm,754,Beverage
Bru Pure Instant Coffee Jar,200 gm,754,Beverage
Bru Pure Instant Coffee Jar,100 gm,450,Beverage
North End Espresso Roast Whole Bean Coffee,450 gm,1190,Beverage
North End Espresso Roast Ground Coffee,450 gm,1190,Beverage
Bru Original Rich Aromatic Coffee Jar,100 gm,440,Beverage
North End Brazil Ground Coffee,450 gm,1150,Beverage
North End French Roast Ground Coffee,450 gm,1190,Beverage
Mac Coffee Original Jar,100 gm,390,Beverage
Shezan Mango Juice,250 ml,20,Beverage
Latina 100 % Juice (Apple),1 ltr,200,Beverage
Latina 100 % Juice (Orange),1 ltr,200,Beverage
Pran Drinko Pineapple Juice,250 ml,25,Beverage
Amul Pinacolada Mocktail Can,200 ml,125,Beverage
Shezan Mango Fruit Drinks,1 ltr,70,Beverage
Cyprina Grape Juice,1 ltr,350,Beverage
Sajeeb Litchi Flavored Drink,170 ml,12,Beverage
Cyprina Tropical Juice,1 ltr,350,Beverage
Cyprina Mango Nectar,1 ltr,375,Beverage
Cyprina Pineapple Juice,1 ltr,350,Beverage
PRAN Frooto Mango Fruit Drink,1 ltr,70,Beverage
Sajeeb Orange Flavour Drinks,170 ml,12,Beverage
Stute Cranberry Juice,1.5 ltr,660,Beverage
Cyprina Guava Juice,1 ltr,350,Beverage
Fontana Orange Juice,1 ltr,365,Beverage
Fontana Apple Juice,1 ltr,365,Beverage
Cyprina Tomato Juice,1 ltr,350,Beverage
Nutrilife Orange Juice,1 ltr,245,Beverage
Nutrilife Guava Juice,1 ltr,245,Beverage
Shezan Mango Fruit Drink,500 ml,40,Beverage
Druk Mango Panna Sqaush,500 ml,250,Beverage
Dolphin Nata De Coco Mango Drink,350 ml,125,Beverage
Dolphin Nata De Coco Grape Drink,350 ml,125,Beverage
Aloe Vera Zero Sugar Drink,500 ml,260,Beverage
Aloe Vera Mango Drink,500 ml,289,Beverage
Aloe Vera Pome Drink,500 ml,247,Beverage
Real Fruit Power Litchi Juice,1 ltr,375,Beverage
Ceres Pineapple juice,1 ltr,375,Beverage
Ceres Guava  juice,1 ltr,375,Beverage
Ceres Apple juice,1 ltr,375,Beverage
Nutrilife Apple Juice,1 ltr,245,Beverage
Sunquick Oren Orange Juice,840 ml,600,Beverage
Aloe Vera Original Drink,500 ml,279,Beverage
Lotte Sac Sac Grape Drink,240 ml,90,Beverage
Cyprina Juice Drink Apple,1 ltr,350,Beverage
Sammi Orange Juice Can,240 ml,99,Beverage
Tipco Pomegranate & Mixed Fruit Juice,1 ltr,425,Beverage
Tipco Si Thong Orange Juice,1 ltr,425,Beverage
Tipco Red Grape Juice,1 ltr,425,Beverage
Tipco Pineapple Juice,1 ltr,425,Beverage
Tipco Medley Orange Juice,1 ltr,425,Beverage
Tipco Guava Juice,1 ltr,425,Beverage
Sammi Aloe Juice,238 ml,99,Beverage
PRAN Frooto Mango Fruit Drink,250 ml,22,Beverage
Fontana Pineapple Juice,1 ltr,365,Beverage
Fontana Grape Juice,1 ltr,365,Beverage
Sammi Red Grape Juice Can,240 ml,99,Beverage
Sammi Mixed Fruit Juice Can,200 ml,99,Beverage
Cyprina Fruit Drink Cranberry,1 ltr,375,Beverage
Ovaltine Malted Chocolate Drink Jar,400 gm,395,Beverage
Tang Mango Powder (Buy 1 Get 1),500 gm,315,Beverage
Chocolate Horlicks Jar,500 gm,350,Beverage
Horlicks Standard Jar,1000 gm,645,Beverage
Horlicks Standard Jar,250 gm,190,Beverage
Tang Orange Box (Buy 2 Get 1 Free),125 gm,200,Beverage
Nestle MILO Activ-Go (Chocolate Flavored) Powder Drink Tin,400 gm,430,Beverage
Nestle MILO Activ-Go (Chocolate Flavored) Powder Drink Pouch,250 gm,270,Beverage
Junior Horlicks Jar,500 gm,390,Beverage
Maltova (BIB) Refill,400 gm,330,Beverage
Ovaltine Power 10 Chocolate Drink Jar,400 gm,459,Beverage
Tang Orange,500 gm,315,Beverage
Junior Horlicks BIB,500 gm,370,Beverage
Ovaltine Malted Milk Drink Jar,400 gm,325,Beverage
Tang Jar Orange,750 gm,550,Beverage
Tang Orange Box,250 gm,170,Beverage
Vitamalt Chocolate Drink Jar,600 gm,450,Beverage
Dabur Glucose-D (100 gm Free),400 gm,145,Beverage
Hershey's Caramel Syrup,623 gm,409,Beverage
Horlicks Lite Jar,330 gm,380,Beverage
Tang Mango Drink,500 gm,315,Beverage
Fisty Instant (Orange) Powder Drink,250 gm,100,Beverage
Garden Fresh Powder Drink (Orange),700 gm,380,Beverage
Nutri-C Mango Drink,250 gm,170,Beverage
Nutri-C Orange Drink,250 gm,170,Beverage
Kool Aid Strawberry Powder Drink,538 gm,637,Beverage
Kool Aid Orange Powder Drink,538 gm,637,Beverage
Rasna Mango Reffil 400 gm (Jug Free),,290,Beverage
Rasna Mango Jar,750 gm,530,Beverage
Rasna Orange Reffil 400 gm (Jug Free)	,,290,Beverage
Rasna Orange Jar,750 gm,530,Beverage
Hashi Khushi Mango Soft Drink Powder (6 gm x 12 ),each,60,Beverage
Garden Fresh Soft Drink Powder Mango (Mega Container Free),700 gm,380,Beverage
Garden Fresh Soft Drink Powder Mango (Free Jug),450 gm,250,Beverage
Kool C Mango,250 gm,100,Beverage
Kool C Orange,250 gm,100,Beverage
Kool C Mango (Glass Free Offer),1000 gm,470,Beverage
Kool C Orange (Glass Free Offer),1000 gm,470,Beverage
Kool C Mango (Glass Free Offer),750 gm,390,Beverage
Kool C Orange (Glass Free Offer),750 gm,390,Beverage
Fisty Instant Powder Drink (Orange),500 gm,190,Beverage
Tang Orange Powder,500 gm,315,Beverage
Tang Mango Powder,500 gm,400,Beverage
Tang Lemon Powder,500 gm,400,Beverage
Tang Pineapple Powder,500 gm,400,Beverage
SMC Taste Me Lychee Box,200 gm,70,Beverage
SMC Taste Me Orange Box,200 gm,70,Beverage
SMC Taste Me Mango Box,200 gm,70,Beverage
Dekko Fruit Drop Mango Powder Drinks,250 gm,100,Beverage
Foster Clark's Choco Drink Tin,500 gm,475,Beverage
Pepsi Diet Pet,500 ml,35,Beverage
Coca-Cola,600 ml,40,Beverage
Coca-Cola,1.25 ltr,70,Beverage
Coke Light Can,250 ml,40,Beverage
Coca-Cola Can,250 ml,40,Beverage
Coca-Cola,2.25 ltr,110,Beverage
Sprite,600 ml,35,Beverage
7 Up Pet,1 ltr,50,Beverage
Mountain Dew,1 ltr,50,Beverage
Mountain Dew,400 ml,30,Beverage
Sprite,1.25 ltr,65,Beverage
Pepsi Pet,2 ltr,100,Beverage
Sprite,2.25 ltr,110,Beverage
Pepsi,500 ml,30,Beverage
Pepsi Pet,1 ltr,50,Beverage
7 Up Pet,500 ml,35,Beverage
Fanta,1.25 ltr,65,Beverage
Pepsi Diet Can,250 ml,40,Beverage
Sprite Can,250 ml,40,Beverage
Fresh Club 9 Soda,500 ml,30,Beverage
Fanta,600 ml,35,Beverage
Amul Lassi,250 ml,100,Beverage
Fresh Mejanda,250 ml,15,Beverage
7 Up Can,250 ml,40,Beverage
Mirinda Orange,500 ml,35,Beverage
Amul Pinacolada Mocktail Can,200 ml,125,Beverage
Mirinda Orange,1 ltr,50,Beverage
Mountain Dew Can,250 ml,40,Beverage
Fanta Can,250 ml,40,Beverage
Frutika Mango Juice,1 ltr,80,Beverage
Mirinda Can,250 ml,40,Beverage
Pepsi Can,250 ml,40,Beverage
Fresh Dhoom Cola,1 ltr,50,Beverage
Sharbat-E-Ala,750 ml,300,Beverage
Sharbat-E-Ala,300 ml,170,Beverage
7 Up Can,320 ml,150,Beverage
Fanta Strawberry Can,320 ml,140,Beverage
Pran Up,500 ml,25,Beverage
Pran Up,1 ltr,50,Beverage
Fresh Soul Up,250 ml,15,Beverage
Wings Lemon,1 ltr,50,Beverage
Wings Lemon,500 ml,25,Beverage
Clemon Can,250 ml,25,Beverage
Dolphin Nata De Coco Lychee Drink,350 ml,125,Beverage
Basil Seed Drink (Mixed Fruit),290 ml,105,Beverage
Basil Seed Drink (Lemon),290 ml,105,Beverage
Basil Seed Drink (Pineapple),290 ml,110,Beverage
Basil Seed Drink (Lychee),290 ml,105,Beverage
Basil Seed Drink (Mango),290 ml,105,Beverage
Basil Seed Drink (Orange),290 ml,105,Beverage
Super Fresh Drinking Water,2 ltr,30,Beverage
Mum Drinking Water,2 ltr,30,Beverage
Mum Drinking Water,5 ltr,75,Beverage
Aquafina Drinking Water,1.5 ltr,25,Beverage
Pureit Classic Germ Kill Kit,3000 ltr,1200,Beverage
Pureit Classic Germ Kill Kit,1500 ltr,700,Beverage
Aquafina Drinking Water,500 ml,15,Beverage
Super Fresh Drinking Water,5 ltr,75,Beverage
Kinley Drinking Water,2 ltr,35,Beverage
Mum Drinking Water,500 ml,15,Beverage
Pran Drinking Water,500 ml,15,Beverage
SUN Drinking Water,540 ml,15,Beverage
SMC Purified Drinking Water,500 ml,15,Beverage
Muskan Drinking Water,500 ml,15,Beverage
Muskan Drinking Water,2 ltr,30,Beverage
Spa Drinking Water,2.25 ltr,30,Beverage
Spa Drinking Water,500 ml,15,Beverage
Pureit Classic Blue Water Purifier,23 ltr,3499,Beverage
Kinley Drinking Water,500 ml,15,Beverage
Evian Natural Mineral Water,1.5 ltr,210,Beverage
Jibon Natural Mineral Water,5 ltr,70,Beverage
Super Fresh Drinking Water,500 ml,15,Beverage
Perrier Mineral Water,330 ml,110,Beverage
Evian Natural Mineral Water,500 ml,125,Beverage
Milk Vita Liquid Milk,1 ltr,70,Beverage
Aarong Dairy Full Cream Liquid Milk,1 ltr,70,Beverage
Aarong Dairy UHT Chocolate Milk,200 ml,25,Beverage
PRAN UHT Milk,1 ltr,90,Beverage
Aarong Dairy UHT Full Cream Liquid Milk,500 ml,45,Beverage
PRAN UHT Milk,200 ml,22,Beverage
Aarong Dairy Low Fat Liquid Milk,500 ml,38,Beverage
Aarong Dairy UHT Strawberry Milk,200 ml,25,Beverage
Danish Ayran Pasteurized Full Cream Liquid Milk,1 ltr,125,Beverage
PRAN UHT Milk,500 ml,45,Beverage
PRAN Flavored Chocolate Milk (Pouch),200 ml,20,Beverage
PRAN Pasteurized Liquid Milk,1 ltr,70,Beverage
Amul Kool Badam Pet Bottle,200ml,85,Beverage
Cowhead Pure UHT Milk,1 ltr,290,Beverage
Danish Ayran Pasteurized Full Cream Liquid Milk,2 ltr,225,Beverage
Milkman Slim Low Fat UHT Milk,1 ltr,120,Beverage
Aarong Dairy Full Cream Milk Powder,500 gm,315,Beverage
PRAN Flavored Mango Milk (Pouch),200 ml,20,Beverage
Farm Fresh Uht Milk,500 ml,45,Beverage
Cowhead UHT Milk Low Fat,1 ltr,298,Beverage
Amul Gold Extra Cream UHT Milk,1 ltr,225,Beverage
Harvey Fresh  UHT Low Fat Milk,1 ltr,299,Beverage
Harvey Fresh  UHT Skim Milk,1 ltr,299,Beverage
Harvey Fresh Lactose Free Full Cream Milk,1 ltr,350,Beverage
Harvey Fresh Lactose Free UHT Skim Milk,1 ltr,350,Beverage
Harvey Fresh  UHT Full Cream Milk,1 ltr,280,Beverage
Danish Condensed Filled Milk,397 gm,60,Beverage
Diploma Full Cream Milk Powder (Free Farmland Chinigura Rice 350 gm),500 gm,330,Beverage
Arla Dano Daily Pusti Milk Powder,1 kg,450,Beverage
Arla Dano Daily Pusti Milk Powder,500 gm,240,Beverage
Nestlé NIDO 1+ Growing Up Milk Powder BIB (1-3 Years),350 gm,360,Beverage
Marks Milk Powder Poly,500 gm,330,Beverage
Diploma Full Cream Milk Powder (Free Farmland Chinigura Rice 700 gm),1 kg,650,Beverage
Danish Full Cream Milk Powder,1 kg,625,Beverage
Danish Full Cream Milk Powder (Glass Free Offer),500 gm,320,Beverage
Puck Sterilized Cream,170 gm,130,Beverage
Fresh Full Cream Milk Powder,500 gm,320,Beverage
Marks Milk Powder Poly,1 kg,650,Beverage
Nestlé NIDO Fortigrow Full Cream Milk Powder BIB,700 gm,530,Beverage
Dano Power Instant Full Cream Milk Powder,500 gm,330,Beverage
Nestlé NIDO Fortigrow Full Cream Milk Powder BIB,350 gm,270,Beverage
Danish Full Cream Milk Powder (Free Firni Mix 3 pcs),1 kg,625,Beverage
Dano Sterilized Cream,170 gm,120,Beverage
Nestle Coffee Mate Richer & Creamer BIB,450 gm,270,Beverage
No 1. Condensed Milk,400 gm,60,Beverage
Nestle Coffee Mate Richer & Creamer Plastic Jar,400 gm,285,Beverage
Dano Power Full Cream Instant Milk Powder Box,1 kg,675,Beverage
Nestle Nido Fortigrow Full Cream Milk Powder (Free Milo Powder Drink 400 gm),2.5 kg,2500,Beverage
NESTLÉ Everyday Pouch (Free Brooke Bond Taaza Black Tea 100 gm),500 gm,320,Beverage
MARKS Diet Low Fat Milk Powder,400 gm,350,Beverage
Super Pure Full Cream Milk Powder,500 gm,255,Beverage
Nestle NIDO Fortigrow Full Cream Milk Powder TIN,900 gm,890,Beverage
Goalini Plus Condensed Milk,400 gm,60,Beverage
Farmland Full Cream Milk Powder,500 gm,300,Beverage
Starship Full Cream Milk Powder,500 gm,250,Beverage
Shape Up Low Fat Milk Powder,400 gm,390,Beverage
Marks Milk Powder Tin,1 kg,890,Beverage
Aarong Dairy Instant Low Fat Milk Powder,400 gm,320,Beverage
NESTLÉ Everyday Pouch,500 gm,320,Beverage
Starship Condensed Milk,397 gm,60,Beverage
Maggi Coconut Milk Powder (Free Maggi Soup 2 pcs),300 gm,550,Beverage
Carnation Milk (Thai),405 gm,170,Beverage
Calci-Pro High Calcium Low Fat Milk Powder,400 gm,390,Beverage
Marks Gold High Calcium Low Fat Milk Powder 40+ yrs,400 gm,350,Beverage
Dano Captain Chocolate Milk Powder,150 gm,75,Beverage
Nestle NIDO Fortigrow Full Cream Milk Powder TIN,2.5 kg,2500,Beverage
Promex Active Milk Powder,500 gm,290,Beverage
Fresh Full Cream Milk Powder,500 gm,320,Beverage
Fresh Chocolate Milk Powder,400 gm,280,Beverage
Fresh Vanilla Milk Powder,400 gm,280,Beverage
MAGGI Coconut Milk Powder,300 gm,550,Beverage
Red Cow Master Milk Powder Box,350 gm,275,Beverage
Marks Active School 2 in 1 Chocolate Milk Powder,400 gm,350,Beverage
Marks Milk Based Diabetic Diet,400 gm,600,Beverage
PRAN Full Cream Milk Powder,1 kg,600,Beverage
Marks Young Star (16-40 years),400 gm,350,Beverage
White Bread,500 gm,75,Breakfast
Golden Harvest Frozen Paratha Family Pack,20 pcs,250,Breakfast
PRAN Puffed Rice (Muri),500 gm,60,Breakfast
Cocola Chocolate Wafer Roll Jar,280 gm,60,Breakfast
Special Brown Bread,300 gm,105,Breakfast
PRAN Flattened Rice (chira),500 gm,60,Breakfast
PRAN Puffed Rice (Muri),250 gm,35,Breakfast
Golden Harvest Mega Deshi Paratha 1600 gm,20 pcs,300,Breakfast
Golden Harvest Aloo Paratha,250 gm,70,Breakfast
Agrobiz Puffed Rice (Hand Made Muri),200 gm,35,Breakfast
Anmol Puffed Rice,400 gm,45,Breakfast
Ispahani Bakery Fresh Dry Cake,350 gm,120,Breakfast
Flattened Rice,500 gm,55,Breakfast
Ruchi Puffed Rice (Muri),250 gm,32,Breakfast
Kellogg's Special K Original Breakfast Cereal,290gm,290,Breakfast
Dan Cake Swiss Roll Chocolate,200 gm,130,Breakfast
BPM White Flattened Rice,500 gm,58,Breakfast
Khaas Food Red Flattened Rice Handmade,200 gm,28,Breakfast
BPM Homemade Puffed Rice,500 gm,82,Breakfast
Dan Cake Strawberry Swiss Roll,200 gm,130,Breakfast
Astor Stick Tin Chocolate Wafer,330 gm,455,Breakfast
Dhaka Dough Flattened Rice (Chira),200 gm,115,Breakfast
Red Flattened Rice,500 gm,60,Breakfast
Quaker Oats Poly,500 gm,265,Breakfast
Nestlé Corn Flakes Breakfast Cereal Box,275 gm,330,Breakfast
Quaker Oats Australia,1 kg,575,Breakfast
Nestlé Koko Krunch Chocolate Cereal Pouch,80 gm,85,Breakfast
Kellogg's Corn Flakes Original Breakfast Cereal,475 gm,385,Breakfast
Kellogg's Oats Breakfast Cereal (Container Free),450 gm,265,Breakfast
Quaker White Oats,500 gm,320,Breakfast
Quaker Oats Jar,500 gm,305,Breakfast
Kellogg's Crunchy Bites K-Pak Breakfast Cereal,26gm,20,Breakfast
Sajeeb Corn Flakes,200 gm,160,Breakfast
Nestlé MILO Breakfast Chocolate Cereal Box,330 gm,350,Breakfast
Kellogg's Chocos Chocolate Breakfast Cereal Variety Pack 5X26gm,,100,Breakfast
Kellogg's Chocos Webs Chocolate Breakfast Cereal,300 gm,350,Breakfast
Kellogg's Special K Original Breakfast Cereal,290gm,290,Breakfast
Kellogg's Granola Breakfast Cereal With Almonds & Cranberries,460 gm,690,Breakfast
Sajeeb Mr.Chocoz Combo Offer,200 gm,160,Breakfast
Kellogg's Muesli Breakfast Cereal Fruit Magic,500 gm,630,Breakfast
Martino Couscous,500 gm,350,Breakfast
Kellogg's Chocos Moons & Stars Chocolate Breakfast Cereal,375 gm,360,Breakfast
Vitalia Crunchy Muesli With Apple & Hazelnut,320 gm,315,Breakfast
Fit Food Crunchy Honey Granola,300 gm,350,Breakfast
Vitalia Crunchy Muesli With Banana & Chocolate,320 gm,315,Breakfast
Vitalia Chocolate Corn Flakes,500 gm,535,Breakfast
Shezan Corn Flakes Combo Offer,275 gm,300,Breakfast
Shezan Choko Crunch Combo Offer,330 gm,320,Breakfast
Kellogg's Chocos Chocolate Breakfast Cereal,250 gm,245,Breakfast
Kellogg's Coco Pops,400 gm,570,Breakfast
Virginia White Oats,400 gm,285,Breakfast
Sajeeb Mr.Chocoz,200 gm,160,Breakfast
Foster Clark's Tiara White Oats Tin,500 gm,290,Breakfast
Premium Grade Rolled Oats,1 kg,910,Breakfast
Premium Grade Apricot Muesli,400 gm,680,Breakfast
Premium Grade Fig Muesli,400 gm,680,Breakfast
Premium Grade Cranberry Muesli,400 gm,680,Breakfast
IKO Premium Sugar Free Oatmeal Crackers Original,178 gm,345,Breakfast
Vitalia Fit & Active Muesli,650 gm,700,Breakfast
Nestlé Koko Krunch,500 gm,610,Breakfast
Kelloggs Coco Pops,510 gm,699,Breakfast
Vitalia Chocolate Muesli,1 kg,900,Breakfast
Vitalia Crunchy Muesli (Blackberry & Raspberry),320 gm,315,Breakfast
Shezan Corn Flakes,150 gm,180,Breakfast
Golden Country Quick Cooking White Oats Tin,500 gm,260,Breakfast
Vitalia Breakfast Muesli,1 kg,850,Breakfast
Vitalia Fruit Muesli,1 kg,950,Breakfast
Vitalia Crunchy Muesli With Orange & Chocolate,320 gm,315,Breakfast
Kellogg's Corn Flakes Breakfast Cereal with Almond & Honey,300 gm,350,Breakfast
Nutella Hazelnut Ferrero Cocoa Spread,350 gm,520,Breakfast
Farm Fresh Butter (50 gm*4),200 gm,184,Breakfast
Nocilla Two Colour Chocolate,200 gm,275,Breakfast
Herman Mayonnaise,236 gm,135,Breakfast
Hershey's Chocolate Syrup,680 gm,429,Breakfast
Amul Pasteurised Butter,200 gm,355,Breakfast
Ruchi Orange Jam,480 gm,130,Breakfast
Herman Peanut Butter Creamy,340 gm,325,Breakfast
Nocilla Two Flavor Cocoa Spread,190 gm,275,Breakfast
Herman Peanut Butter Crunchy,340 gm,325,Breakfast
Ahmed Orange Jelly,500 gm,130,Breakfast
Shezan Mixed Fruit Jam,440 gm,120,Breakfast
Ahmed Sugar Free Apple Jelly,375 gm,160,Breakfast
Foster Clark's Jelly Dessert Strawberry,85 gm,75,Breakfast
Barilla Pasta Sauce Jar Basilico,400 gm,320,Breakfast
Amul Choco Buttery Spread,200 gm,260,Breakfast
Barilla Pasta Sauce Jar Napoletana,400 gm,320,Breakfast
Amul Salted Butter,200 gm,350,Breakfast
Barilla Pasta Sauce Jar Arrabbiata,400 gm,320,Breakfast
Foster Clark's Cherry Jelly,85 gm,75,Breakfast
Foster Clark's Orange Jelly,85 gm,75,Breakfast
Tova Jam Mixed Fruit,435 gm,480,Breakfast
Alfa Mayonnaise,236 ml,125,Breakfast
Lurpak Butter Unsalted,200 gm,375,Breakfast
Ahmed Sugar Free Orange Jelly,375 gm,160,Breakfast
Amul Salted butter,500 gm,700,Breakfast
Nutella Hazelnut Cocoa Spread,750 gm,1079,Breakfast
Ahmed Sugar Free Guava Jelly,375 gm,160,Breakfast
Hershey's Caramel Syrup,623 gm,409,Breakfast
Ahmed Orange Squashe,500 gm,90,Breakfast
Sundrop Chocolatey Cocoa Nut Almond,350 gm,450,Breakfast
Ahmed Pineapple Jam,500 gm,130,Breakfast
Ahmed Guava Jelly,500 gm,130,Breakfast
Best Orange Marmalade Jam Conserve,450 gm,425,Breakfast
Khusboo Premium Lichy Jelly,500 gm,155,Breakfast
Khusboo Premium Orange Jelly,500 gm,125,Breakfast
Cavendish & Harvey Mixed Fruit Drops,200 gm,320,Breakfast
Cavendish & Harvey Clear Mint Drops,200 gm,320,Breakfast
Cavendish & Harvey Sour Lemon Drops,200 gm,320,Breakfast
Ahmed Mango Jam,500 gm,130,Breakfast
Saporito Tahini Spread,300 gm,550,Breakfast
ST-Dalfor Jam Strawberry,284 gm,550,Breakfast
ST-Dalfor Jam Four Fruits,284 gm,550,Breakfast
Sunsweet Amazin Prunes Pitted,200 gm,495,Breakfast
Sundrop Peanut Butter jelly (Grape),340 gm,360,Breakfast
Kazi Farms Kitchen Strawberry Jam,340 gm,230,Breakfast
Kazi Farms Kitchen Orange Jelly,340 gm,130,Breakfast
Stute Apricot Conserve Extra Jam,340 gm,335,Breakfast
Sundrop Peanut Butter Honey Roast Creamy,462 gm,390,Breakfast
Ahmed Mixed Fruit Jam,500 gm,130,Breakfast
Fresh Soyabean Oil,5 ltr,555,Cooking
Rupchanda Soyabean Oil,5 ltr,570,Cooking
Rupchanda Soyabean Oil,2 ltr,234,Cooking
Rupchanda Soyabean Oil (poly),1 ltr,113,Cooking
Fresh Soyabean Oil,2 ltr,228,Cooking
Teer Soyabean Oil (Poly),1 ltr,110,Cooking
Saffola Active Oil (Mediker Veggie Wash 250ml Free),5 ltr,940,Cooking
Fresh Soyabean Oil (Poly),1 ltr,110,Cooking
Orkide Sunflower Oil,5 ltr,1260,Cooking
Radhuni Pure Mustard Oil,500 ml,125,Cooking
Danish Mustard Oil (Glass Bowl Free),1 ltr,220,Cooking
Golden Drop Sunflower Oil,5 ltr,1260,Cooking
Teer Soyabean Oil,5 ltr,555,Cooking
Khaas food Mustard Oil,100 ml,30,Cooking
Radhuni Pure Mustard Oil,1 ltr,235,Cooking
Fresh Mustard Oil,1 ltr,220,Cooking
Olitalia Sunflower Oil,5 ltr,1295,Cooking
Olitalia Extra Virgin Olive Oil,500 ml,675,Cooking
Fresh Mustard Oil,500 ml,120,Cooking
ACI Nutrilife Rice Bran Oil,5 ltr,700,Cooking
Sabroso Extra Virgin Olive Oil,500 ml,575,Cooking
Fortune Fortified Rice Bran Oil,5 ltr,755,Cooking
Shashya Prabartana Ghani Mustard Oil,350 gm,130,Cooking
Ceylon Organic Extra Virgin Coconut Oil,500 ml,999,Cooking
Fortune Rice Bran Oil (Jar),5 ltr,875,Cooking
Olitalia Sunflower Oil,2 ltr,540,Cooking
Dhaka Dough Mustard Oil,500 ml,192,Cooking
Shaad Mustard Oil,1 ltr,225,Cooking
Teer Soyabean Oil,2 ltr,228,Cooking
Promex Soyabean Oil,2 ltr,228,Cooking
ACI Pure Soyabean Oil,2 ltr,225,Cooking
Teer Soyabean Oil,8 ltr,885,Cooking
Orion Pure Mustard Oil,500 ml,115,Cooking
BPM Sesame Oil,100 ml,60,Cooking
PRAN Mustard Oil,500 ml,120,Cooking
Bertolli Extra Virgin Olive Oil,500 ml,675,Cooking
Danish Mustard Oil (Meat Curry Masala Free),500 ml,125,Cooking
Oillina High Oleic Sunflower Oil,5 ltr,1495,Cooking
Khaas Food Black Seed Oil,100 ml,190,Cooking
Oillina Extra Virgin Olive Oil,500 ml,690,Cooking
Fresh Soyabean Oil,8 ltr,885,Cooking
King's Sunflower Oil Pet,5 ltr,1295,Cooking
ACI Pure Soyabean Oil,5 ltr,550,Cooking
Olitalia Sunflower Oil (Free Olitalia Sunflower Oil 1 ltr),5 ltr,1295,Cooking
Shaad Refined Soyabean Oil,5 ltr,555,Cooking
Palermo Organic Extra Virgin Olive Oil,1 ltr,995,Cooking
Palermo Extra Virgin Olive Oil,1 ltr,895,Cooking
Palermo Avocado Oil,500 ml,795,Cooking
Promex Soyabean Oil,5 ltr,555,Cooking
La Espanola Sunflower Oil,5 ltr,1350,Cooking
Aarong Dairy Pure Ghee,400 gm,520,Cooking
Danish Premium Ghee,400 gm,525,Cooking
SUN Premium Ghee,200 gm,260,Cooking
Khaas Food Ghee,300 gm,480,Cooking
Milk Vita Ghee,400 gm,500,Cooking
Aarong Dairy Pure Ghee,900 gm,1100,Cooking
Amul High Aroma Cow Ghee,1 ltr,1400,Cooking
Khusboo Premium Ghee,400 ml,520,Cooking
Farm Fresh Ghee,400 gm,520,Cooking
SUN Premium Ghee,400 gm,500,Cooking
Aseel Vegetable Ghee,500 gm,325,Cooking
PRAN Premium Ghee,400 gm,520,Cooking
Radhuni Biryani Masala,40 gm,55,Cooking
Radhuni Chicken Masala,20 gm,15,Cooking
Radhuni Chatpoti Masala,50 gm,40,Cooking
Radhuni Firni Mix,150 gm,40,Cooking
Radhuni Haleem Mix,200 gm,45,Cooking
Lazzat Tandoori Chicken BBQ Masala,50 gm,82,Cooking
Radhuni Chicken Tandoori Masala,50 gm,75,Cooking
Radhuni Tehari Masala,40 gm,45,Cooking
Knorr Krispy Fried Chicken Mix,75 gm,70,Cooking
Golden Harvest Frozen Tehari,350 gm,150,Cooking
Sajeeb Ready Mix Pancake,500 gm,125,Cooking
Shan Tandoori Masala,50 gm,95,Cooking
Radhuni Borhani Masala,50 gm,35,Cooking
Shan Chaat Masala,100 gm,110,Cooking
Radhuni Kabab Masala,50 gm,90,Cooking
Uncle Barns Mix Flour Pancake,500 gm,295,Cooking
Ahmed Chatpoti Masala,50 gm,40,Cooking
Ahmed Fish Masala,100 gm,55,Cooking
Radhuni Kala Bhuna Masala,80 gm,70,Cooking
PRAN Kacchi Biryani Masala Mix,50 gm,60,Cooking
Shan Karachi Beef Biriyani,60 gm,95,Cooking
Radhuni Falooda Mix (Vanilla),250 gm,65,Cooking
Fresh Hyderabadi Halim Mix,180 gm,50,Cooking
Radhuni Falooda Mix (Mango),250 gm,65,Cooking
PRAN Tehari Masala,45 gm,40,Cooking
Radhuni Jorda Mix,400 gm,110,Cooking
Shan Bombay Biriyani,60 gm,95,Cooking
Radhuni Kachchi Biryani Masala,40 gm,60,Cooking
Anchor Custard Powder Vanilla,200 gm,60,Cooking
Radhuni Fish Curry Masala,100 gm,55,Cooking
Ahmed Meat Masala,100 gm,65,Cooking
Fresh Halim Mix,200 gm,45,Cooking
Radhuni Hyderabadi Biryani Masala,45 gm,80,Cooking
PRAN Fish Masala,100 gm,55,Cooking
ACI Pure Shahi Biryani Masala,40 gm,55,Cooking
PRAN Borhani Masala,50 gm,40,Cooking
PRAN Haleem Mix,200 gm,45,Cooking
Shan Biryani Masala Mix,50 gm,95,Cooking
PRAN Spice Mix Chatpati Masala,50 gm,40,Cooking
Shan Shami Kabab,50 gm,95,Cooking
Shan Seekh Kabab Masala Mix,50 gm,95,Cooking
Shan Chicken Masala,50 gm,95,Cooking
Shan Meat Masala,100 gm,110,Cooking
Shan Malay Spice Mix for Memoni Mutton Biriyani,60 gm,95,Cooking
Shan Sindhi Biryany Mix,60 gm,95,Cooking
Shan Shami Kabab Mix,50 gm,95,Cooking
Shan Paya Curry Mix,50 gm,95,Cooking
Shan Korma Curry Mix,50 gm,95,Cooking
Shan Fried Fish Masala Mix,50 gm,95,Cooking
Sajeeb Ready Mix Bhuna Khichuri,500 gm,104,Cooking
Fresh Refined Sugar,1 kg,70,Cooking
Akher Chini (Deshi Sugar),1 kg,70,Cooking
ACI Pure Salt,1 kg,35,Cooking
Fresh Super Premium (Vacuum) Salt,1 kg,35,Cooking
Fresh Refined Sugar,500 gm,36,Cooking
Pran Salt,1 kg,38,Cooking
Teer Sugar,1 kg,72,Cooking
Rock Salt (Bit Lobon),100 gm,35,Cooking
Sugarcandy (Tal Misri),200 gm,40,Cooking
Top Testing salt,100 gm,35,Cooking
Fitfood Himalaya Pink Salt,150 gm,250,Cooking
Sis Brown Sugar,800 gm,420,Cooking
My Organic Root Khejur Gur Powder,150 gm,130,Cooking
Mitr Phol Natural Cane Brown Sugar,500 gm,190,Cooking
Beksul Dark Brown Sugar,1 kg,315,Cooking
Mitr Phol Natural Cane Brown  Sugar,1 kg,350,Cooking
ACI Pure Salt,500 gm,18,Cooking
BPM Date Powder,200 gm,200,Cooking
Uncle Barns Icing Sugar,1 kg,275,Cooking
Premium Grade French Celtic Sea Salt 250 g,,494,Cooking
Fresh White Sugar,250 gm,45,Cooking
Sis Raw Sugar Cubes,454 gm,260,Cooking
Sis White Sugar,1 kg,240,Cooking
Equal Aspartame Tablet 100s,,130,Cooking
Aji-No-Moto Tasting Salt,100 gm,35,Cooking
Sis White Sugar Cube,454 gm,240,Cooking
Sis White Sugar,2 kg,429,Cooking
Canderel Sucralose Tablet 100s,,130,Cooking
Cock Vermicelli (Shemai),200 gm,35,Cooking
Ifad Suji,500 gm,30,Cooking
Kolson Laccha Shemai,200 gm,35,Cooking
ACI Pure Suji,500 gm,30,Cooking
Teer Semolina Suji,500 gm,30,Cooking
Banoful Laccha Shemai,200 gm,35,Cooking
Radhuni Shemai,200 gm,35,Cooking
Fresh Suji,500 gm,30,Cooking
Khaas Food Premium Laccha Semai,200 gm,70,Cooking
Shaad Suji,500 gm,30,Cooking
Bashundhara Suji,500 gm,30,Cooking
Dekko Vermicelli Semai,200 gm,30,Cooking
Pran Vermicelli Shemai,200 gm,35,Cooking
Sajeeb Lascha Semai,200 gm,35,Cooking
Minar Lachcha Semai,200 gm,35,Cooking
Arku Laccha Shemai,200 gm,35,Cooking
Julie Instant Suji Halwa Mix,250 gm,85,Cooking
Dekko Lascha Semai,200 gm,35,Cooking
Arku Vermicelli,200 gm,35,Cooking
Pastiano Vermicelli Economy,475 gm,160,Cooking
Thai Choice Rice Noodles,200 gm,275,Cooking
BD Vermicelli,200 gm,35,Cooking
Cumin Seed (Jira),100 gm,50,Cooking
Cinnamon (Daruchini),100 gm,49,Cooking
Radhuni Turmeric Powder (Holud),200 gm,90,Cooking
Radhuni Chili (Morich) Powder,200 gm,100,Cooking
Dried Chilies (Shukna Morich),100 gm,39,Cooking
Cloves (Lobongo),50 gm,50,Cooking
Bay Leaves (Tejpata),100 gm,29,Cooking
Black Pepper Whole,50 gm,49,Cooking
Cardamom (Elachi),50 gm,150,Cooking
Radhuni Coriander (Dhoniya) Powder,200 gm,63,Cooking
Alu Bokhara,100 gm,39,Cooking
Black Cumin (Kalo Jira),100 gm,40,Cooking
Radhuni Cumin (Jeera) Powder,100 gm,80,Cooking
Radhuni Cumin (Jeera) Powder,200 gm,155,Cooking
Oregano Leaves,10 gm,60,Cooking
Radhuni Garam Masala,40 gm,60,Cooking
Fennel (Mouri),100 gm,29,Cooking
Radhuni Chili (Morich) Powder,100 gm,53,Cooking
Mustard Seed (Yellow),100 gm,20,Cooking
Fenugreek Seed (Methi),100 gm,19,Cooking
Radhuni Turmeric Powder (Holud),100 gm,48,Cooking
Black Pepper Powder,50 gm,75,Cooking
Mix Spice (Pach Foron),100 gm,30,Cooking
Green Cardamom (Shobuj Elachi),50 gm,200,Cooking
Dhonia (Coriander),100 gm,19,Cooking
Radhuni Coriander (Dhoniya) Powder,100 gm,33,Cooking
Radhuni Roast Masala,35 gm,60,Cooking
Radhuni Panch Foran,50 gm,22,Cooking
Brown Flax Seed,100 gm,19,Cooking
Radhuni Turmeric Powder (Holud),500 gm,200,Cooking
MDH Kashmiri Chili Powder,100 gm,155,Cooking
Paprika Bottle,15 gm,70,Cooking
Tokma Seed (Basil),100 gm,40,Cooking
Mustard Seed (Red),100 gm,20,Cooking
Danish Masala Utsab Combo,480 gm,253,Cooking
Radhuni Garam Masala,15 gm,26,Cooking
Ahmed Garlic Powder Jar,140 gm,60,Cooking
Poppy Seed (Posto Dana),50 gm,200,Cooking
Cumin (Shahi Jira),50 gm,60,Cooking
Betel Nut (Shupari),250 gm,120,Cooking
Ahmed Ginger Paste,100 gm,35,Cooking
Fresh Turmeric & Chilli Combo Offer (Free Birani Masala 40 gm),,205,Cooking
Nutmeg (Jayfal) Powder,20 gm,55,Cooking
PRAN Turmeric Powder Jar,200 gm,90,Cooking
Garam Masala Powder,50 gm,75,Cooking
Black Cardamom,50 gm,79,Cooking
Ahmed Garlic Paste,100 gm,30,Cooking
M.D.H. Kasuri Methi,25 gm,85,Cooking
White Pepper Whole,50 gm,79,Cooking
White Peppar Powder,50 gm,110,Cooking
Aarong Dairy Butter,200 gm,185,Cooking
Amul Pasteurised Butter,200 gm,355,Cooking
Amul Butter Blister,10 pcs,200,Cooking
Amul Choco Buttery Spread,200 gm,260,Cooking
Amul Salted Butter,200 gm,350,Cooking
Red Cow Butter Oil,400 gm,500,Cooking
Lurpak Butter Unsalted,200 gm,375,Cooking
Amul Salted butter,500 gm,700,Cooking
Dhaka Dough Sugar Free Almond Butter,200 gm,650,Cooking
Lurpak Butter Salted,200 gm,375,Cooking
Goodlife Mozzarella Cheese,200 gm,150,Cooking
Aarong Austogram Cheese,200 gm,150,Cooking
PRAN Dhaka Cheese,225 gm,150,Cooking
Melbourne Sandwich Sliced Cheese 200 gm (12 slices),,260,Cooking
Aarong Dairy Paneer,200 gm,160,Cooking
American Garden Arla Burger Slice Cheddar Cheese,200 gm,260,Cooking
Aarong Dairy Shredded Mozzarella Cheese,200 gm,220,Cooking
Mozzarella Cheese,250 gm,200,Cooking
American Garden Arla Sandwich Slice Cheese,200 gm,260,Cooking
American Garden Arla Natural Cream Cheese,150 gm,240,Cooking
Aarong Pizza Spread Cheese,180 gm,230,Cooking
Aarong Classic Spread Cheese,180 gm,220,Cooking
Kissan Processed Cheese,200 gm,260,Cooking
Kraft Processed Cheddar Cheese Tin,190 gm,315,Cooking
Amul Cheese Slice,200 gm,335,Cooking
La Vache Qui Rit Cheese,8 pcs,309,Cooking
Bega Gourmet Slices Cheese,200 gm,282,Cooking
Quality Mozzarella Cheese,1 kg,1050,Cooking
Almarai Cheese Triangles,8 pcs,275,Cooking
Aarong Dairy Sour Yogurt,500 ml,80,Cooking
Danish Ayran Sour Yogurt,500 ml,80,Cooking
Aarong Dairy Low Fat Yogurt (Sour),500 gm,80,Cooking
PRAN Sweet Yogurt,100 gm,20,Cooking
Milk Vita Sour Curd,500 ml,80,Cooking
Aarong Dairy Sweetened Yogurt,500 ml,100,Cooking
Shokti Plus Sweet Yogurt Plain Combo Pack,4 pcs,196,Cooking
PRAN Sour Curd,500 ml,80,Cooking
Gowala Sweet Curd,650 gm,310,Cooking
Shokti Plus Sweet Yogurt Strawberry Combo Pack,4 pcs,196,Cooking
Aarong Dairy Golapjam (20±2 pcs),1 kg,320,Cooking
Aarong Dairy Kalojam (20±2 pcs),1 kg,320,Cooking
Shokti Plus Sweet Yogurt Mango Combo Pack,4 pcs,196,Cooking
Ultimate Zero Sugar Sweetened Yogurt Plain,140 gm,95,Cooking
PRAN Matha,250 ml,25,Cooking
Shokti Plus Mishti Doi,120 gm,59,Cooking
Aarong Dairy Roshogolla (20±2 pcs),1 kg,320,Cooking
Gowala Kheersha,650 gm,550,Cooking
Cocola Champion Chocolate Cream Biscuits,75 gm,15,Snacks
Olympic Premium Energy Plus Biscuit,80 gm,13,Snacks
Danish Lexus Vegetable Crackers (Buy 2 Get 1),240 gm,200,Snacks
Bisk Club Potata Spicy Flavored Biscuit,100 gm,25,Snacks
Olympic Pineapple Cream Biscuits,68 gm,10,Snacks
Haque Mr. Cookie Biscuit,55 gm,10,Snacks
Bangas Grand Choice Salted Biscuit,100 gm,15,Snacks
PRAN Special Toast,350 gm,50,Snacks
Olympic Digestive High Fiber Biscuits,125 gm,20,Snacks
Danish Toast Biscuits,350 gm,50,Snacks
Fresh Fun Fill Sandwich Chocolate Cream Biscuit,62 gm,10,Snacks
Olympic First Choice Salted Biscuits,100 gm,15,Snacks
Olympic Nutty Real Peanut Biscuits,80 gm,15,Snacks
Olympic Dry Cake Biscuit,350 gm,120,Snacks
Black & Brown Cookies (Buy 2 Get 1 Free),95 gm,100,Snacks
Olympic Premium Energy Plus Biscuit,240 gm,38,Snacks
Fit Crakers Masala Biscuits,60 gm,15,Snacks
Cocola Peanut Butter Sandwich Biscuit,55 gm,10,Snacks
Danish Doreo Black Chocolate Sandwich Biscuit,320 gm,120,Snacks
Belleame Digestive Biscuit,135 gm,30,Snacks
Danish Dry Cake Biscuit,350 gm,120,Snacks
Haque Milk Chocolate Digestive Biscuit,145 gm,35,Snacks
Dekko Horlicks Cookies Biscuit,330 gm,60,Snacks
Dekko Cookies Biscuit (Buy 2 Get 1 Offer),,115,Snacks
Belleame Cremo Vanilla Biscuit,90 gm,30,Snacks
Olympic Premium Toast,275 gm,50,Snacks
Danish Florida Orange Biscuit,210 gm,35,Snacks
Romania Lexus Vegetable crackers (Buy 2 Get 1 Free),65 gm,30,Snacks
Olympic Tim Tim Orange Bisuits,68 gm,10,Snacks
Olympic Chocolate Plus Biscuits,65 gm,10,Snacks
Olympic First Choice Biscuits,240 gm,40,Snacks
Ispahani Orange Tea Time Biscuits,70 gm,10,Snacks
Ifad Muri Toast Butter Rusk Biscuit,350 gm,60,Snacks
Olympic Nutty Real Peanut Biscuits,250 gm,50,Snacks
Danish Milk Marie Biscuits,285 gm,50,Snacks
Olympic Tip Biscuits,70 gm,15,Snacks
Ifad Plain Toast Biscuit,350 gm,50,Snacks
Dekko Honey & Kalo Zeera Biscuit,65 gm,15,Snacks
Fresh Butter Cookies Biscuit Jar,1000 gm,150,Snacks
Olympic Lexus Vege Crackers,240 gm,100,Snacks
Fit Crackers Milk Flavour,60 gm,15,Snacks
Ispahani Premium Toast Biscuit,320 gm,50,Snacks
Danish Top Choice Salted  Biscuit,100 gm,15,Snacks
Ispahani Bakery Fresh Sweet Toast Biscuit,220 gm,35,Snacks
PRAN All Time Cookies Biscuit,700 gm,125,Snacks
Cocola Mughal Ghee Toast Biscuit,350 gm,50,Snacks
Danish Dry Cake (Free Danish Florida Orange 210 gm),350 gm,120,Snacks
Danish Toast Biscuits 350 gm (Buy 2 Get 1 Free) ,,120,Snacks
Parle Hide & Seek Biscuit,120 gm,115,Snacks
Haque Digestive Biscuit,120 gm,20,Snacks
Snickers Chocolate,18 gm,20,Snacks
Snickers Chocolate,50 gm,55,Snacks
Cadbury Dairy Milk Chocolate,25.3 gm,40,Snacks
Fresh Chocolate Bar,15.5 gm,10,Snacks
Cadbury Dairy Milk Silk Plain Chocolate,60 gm,130,Snacks
Tic Tac Orange,7.7gm,25,Snacks
Cocola Chocolate Wafer Rolls,50 gm,15,Snacks
Snickers Miniatures Chocolate,150 gm,250,Snacks
Tic Tac Mint,7.7gm,25,Snacks
Tic Tac Apple,7.7 gm,25,Snacks
Fresh Crispee Chocolate Wafer (Buy 1 Get 1 Free),30 gm,20,Snacks
Alpenliebe Juzt Jelly Snack Pack,10 pcs,20,Snacks
M&M Chocolate,45 gm,80,Snacks
Cadbury Dairy Milk Crackle Chocolate Bar,36 gm,90,Snacks
Snickers Family Pack Chocolate,180 gm,225,Snacks
Cadbury Dairy Milk Silk Oreo,60 gm,150,Snacks
Nestle KitKat 3 Finger Chocolate Wafer,27.5 gm,45,Snacks
M&M Peanut Chocolate,45 gm,80,Snacks
Nestle Kit Kat 4 Finger Chocolate Wafer,37.3 gm,60,Snacks
Chupa Chups Tube Stande Pouch,9 pcs,50,Snacks
Bounty 2x Chocolate,57 gm,60,Snacks
Munchy's Oat Krunch Dark Chocolate,208 gm,325,Snacks
CBL Munchee Chocolate Wafer,100 gm,60,Snacks
Chupa Chups Tubes Mini Box,10 pcs,100,Snacks
Golden Garden Jelly Bean,190 gm,220,Snacks
Mentos Rainbow Candy Roll,21.6 gm,15,Snacks
Alpenliebe Original Caramel Candy Pouch,90 pcs,90,Snacks
Snickers Power Pack,250 gm,282,Snacks
Olympic Tetul Candy,125 gm,50,Snacks
Haribo Goldbears Candy,80 gm,165,Snacks
Fresh Crispee Wafer Chocolate Flavor,35 gm,10,Snacks
Cadbury Nutties,30 gm,100,Snacks
Center Fruit Ting Tong Home Pack Combo Offer,,100,Snacks
Amul Dark Milk Bar,150 gm,290,Snacks
Mentos Assorted Pouch & Chupa Chups Combo Offer (Mug Free),each,400,Snacks
Center Fruit Ting Tong Home Pack,25 pcs,50,Snacks
Pran MR Mango Candy Pouch,50 pcs,50,Snacks
Fox's Berries Candy Tin,180 gm,227,Snacks
Mentos Pure Fresh Chewing Sugarfree Gum (Green Tea Fresh Mint),29.7 gm,110,Snacks
Tiffany Crunch 'n' Cream Chocolate Wafers,76 gm,110,Snacks
Olympic Knock Chocolate Coated Wafer,25 gm,15,Snacks
Tiffany Crunch 'N' Cream Hazelnut Wafers,76 gm,100,Snacks
Lotte Colour Gum,5 pcs,15,Snacks
Haribo Happy Cola Candy,80 gm,165,Snacks
Haribo Worms Candy,80 gm,165,Snacks
Nestle KitKat 4 Finger Chocolate Covered Wafer Bar,41.5 gm,80,Snacks
Cavendish Candy Sour Lemon Poly,100 gm,156,Snacks
Sajeeb Mango Bar,10 pcs,70,Snacks
Sweet Treats Candy Box,,100,Snacks
CBL Munchee Chunky Chok,90 gm,60,Snacks
Bombay Sweets Mr. Twist,22 gm,15,Snacks
Bombay Sweets Potato Crackers,22 gm,10,Snacks
Bombay Sweets Ring Chips,22 gm,10,Snacks
Bombay Sweets Cheese Ball Cheezee Corn Snacks,20 gm,10,Snacks
Sun Chips Salt & Pepper,22 gm,15,Snacks
Kurkure American Style Cream & Onion Chips,45 gm,25,Snacks
Lay's Italian Shape Pastazz Chips,18 gm,10,Snacks
Bombay Sweets Nachoz Chutney & Lime,30 gm,15,Snacks
Lay's Italian Shape Pastazz Chips,37 gm,20,Snacks
Sun Chips Prawn Crackers,20 gm,15,Snacks
Cheese Puff,each,10,Snacks
Alooz Waves B-B-Q Potato Chips,22 gm,15,Snacks
Sun Chips Garlic & Chilli,22 gm,15,Snacks
Ifad Eggy Stix Bar-B-Q Chips,25 gm,10,Snacks
Sun Chips Mix Masala,22 gm,15,Snacks
Bombay Sweets Alooz Magic Masala,22 gm,15,Snacks
Lay's American Style Cream & Onion,52 gm,50,Snacks
Sun Chips Tomato Tango,22 gm,15,Snacks
Bombay Sweets Alooz Spanish Tomato Flavor,22 gm,15,Snacks
Kurkure Chili Chatka Chips,45 gm,25,Snacks
Alooz Waves Hot  Flavour Potato Chips,22 gm,15,Snacks
Lay's Mexican Shape 3D Chips,18 gm,10,Snacks
Sun Chips Wasabi,38 gm,25,Snacks
Kurkure Masala Manch Chips,45 gm,25,Snacks
Krispy Chips Combo,3 pcs,30,Snacks
Sun Chips Mix Masala,38 gm,25,Snacks
Pringles Sour Cream & Onion Potato Chips,147 gm,225,Snacks
Poppers Corn Coconut Puffs Chips,25 gm,15,Snacks
Ifad Eggy Pillow Bar-B-Q Chips,22 gm,10,Snacks
Lay's Spanish Tomato Tango Chips,52 gm,50,Snacks
Ruchi BBQ Potato Crackers,25 gm,10,Snacks
King French Fry,15 gm,10,Snacks
Lay's Mexican Shape 3D Chips,37 gm,20,Snacks
Kellogg's Chocos Fills Chocolate Breakfast Cereal,17gm,20,Snacks
Pringles Original Potato Chips,147 gm,225,Snacks
Bombay Sweets Alooz Chili Chatka,22 gm,15,Snacks
Cocola Koko Krunch Chips,22 gm,10,Snacks
Sun Chips Tomato Tango,80 gm,50,Snacks
Kurkure Spanish Tomato Tango Chips,45 gm,25,Snacks
Pringles Cheesy Cheese Potato Chips,42 gm,100,Snacks
Sun Chips Tomato Tango,38 gm,25,Snacks
Sun Chips Mix Masala,80 gm,50,Snacks
Pringles Original Potato Chips,42 gm,100,Snacks
Spicy Potato Stick,15 gm,10,Snacks
Kurkure Masala Manch Chips,90 gm,50,Snacks
Pringles BBQ Potato Chips,158 gm,260,Snacks
King Crispy Angle,15 gm,10,Snacks
Pringles Potato Chips Sour Cream & Onion,158 gm,260,Snacks
Mister Potato Sour Cream & Onion Crisps,100 gm,160,Snacks
Kellogg's Crunchy Bites K-Pak Breakfast Cereal,26gm,20,Snacks
PRAN Puffed Rice (Muri),500 gm,60,Snacks
Bombay Sweets Jhal Muri,30 gm,10,Snacks
Bombay Sweets Chanachur,600 gm,100,Snacks
Bombay Sweets Chanachur,150 gm,30,Snacks
PRAN Flattened Rice (chira),500 gm,60,Snacks
Ahmed Daroon Badam Fry,30 gm,10,Snacks
Ruchi Jhal Chanachur,350 gm,65,Snacks
Bombay Sweets Chanachur,300 gm,60,Snacks
PRAN Puffed Rice (Muri),250 gm,35,Snacks
Ruchi Bbq Chanachur,350 gm,65,Snacks
Golden Harvest Frozen Dal Puri 454 gm,10 pcs,100,Snacks
Nababi Sweetened Bakorkhani,400 gm,140,Snacks
Cocola Strawberry Wafer Roll Jar,280 gm,60,Snacks
Nababi Cheesy Bakorkhani,400 gm,175,Snacks
Ruchi Bbq Chanachur,150 gm,35,Snacks
Ruchi Premium Mix Chanachur,100 gm,50,Snacks
Agrobiz Puffed Rice (Hand Made Muri),200 gm,35,Snacks
Pelletoss Gol Gappa Ready To Fry Fuchka,500 gm,150,Snacks
Dekko Honey & Kalo Zeera Biscuit,65 gm,15,Snacks
Bombay Sweets Dalmoth,300 gm,75,Snacks
Anmol Puffed Rice,400 gm,45,Snacks
Bombay Sweets Dalmoth Namkeen,150 gm,40,Snacks
PRAN Fried Peas (Motor Bhaja) 25 gm,4 pcs,20,Snacks
Krispy Dal Vaja 18 gm,5 pcs,25,Snacks
Golden Harvest Bombay Mix Chanachur,350 gm,65,Snacks
PRAN Jhal Muri 35 gm,4 pcs,32,Snacks
Ruchi Jhal Chanachur,150 gm,35,Snacks
Bombay Sweets BBQ Chanachur,300 gm,65,Snacks
Bombay Sweets Chanachur Tandoori,150 gm,40,Snacks
PRAN Mango Bar,10 pcs,70,Snacks
Bombay Sweets Chanachur Bombay Mix,150 gm,35,Snacks
Golden Harvest Bar-B-Q Mix Chanachur,350 gm,65,Snacks
Bombay Sweets Chanachur Jhal,300 gm,65,Snacks
Bombay Sweets Chanachur Bombay Mix,300 gm,65,Snacks
Bombay Sweets Chanachur Jhal,150 gm,35,Snacks
Home Made Jhuri Vaza,350 gm,90,Snacks
Ruchi Puffed Rice (Muri),250 gm,32,Snacks
BPM Red Flattened Rice,500 gm,63,Snacks
PRAN Dry Cake Biscuit,350 gm,120,Snacks
BPM White Flattened Rice,500 gm,58,Snacks
BD Bar-B-Q Chanachur,300 gm,65,Snacks
Dhakaiya Munchies Bakorkhani Sweet,500 gm,265,Snacks
Khaas Food Red Flattened Rice Handmade,200 gm,28,Snacks
BPM Homemade Puffed Rice,500 gm,82,Snacks
Bashundhara Instant Noodles Masala,496 gm,135,Snacks
Haldiram Chocolate Soan Papdi,200 gm,245,Snacks
Dan Cake Strawberry Swiss Roll,200 gm,130,Snacks
PRAN Mango Bar,30 pcs,210,Snacks
Ahmed Daroon Chanachur,150 gm,30,Snacks
Haldiram Kesar Soan Papdi,200 gm,245,Snacks
Cocola Egg Noodles,180 gm,18,Snacks
Nestlé MAGGI 2-Minute Noodles Masala 8 Pack,496 gm,135,Snacks
Nestlé MAGGI Masala Blast Noodles 8 Packs,504 gm,140,Snacks
Cocola Chicken Masala Noodles,180 gm,20,Snacks
Cocola Hot & Spicy Cup Noodles,40 gm,25,Snacks
Mama Instant Noodles Hot & Spicy Flavour,496 gm,130,Snacks
Leung Hung Chinese Egg Dragon Noodles,300 gm,35,Snacks
Mr.Noodles Chicken Cup Noodles,40 gm,30,Snacks
Danish 2Fun Instant Noodles Masala (Color Pencil Set Free),8 pack,135,Snacks
Cocola Junior Cup Noodles,40 gm,25,Snacks
Cocola Egg & Chicken Masala Noodles,180 gm,20,Snacks
Doodles Stick Noodles,180 gm,18,Snacks
Mama Noodles Chicken Flavour 8 pcs,496 gm,130,Snacks
Nestlé MAGGI 2-Minute Noodles Masala 4 Pack,248 gm,66,Snacks
Cocola Beef Bhuna Bowl Noodles,65 gm,40,Snacks
Nestlé MAGGI Masala Blast Noodles 4 Packs,252 gm,70,Snacks
Doodles Masala Noodles,8 pcs,135,Snacks
Danish 2Fun Instant Noodles Chicken (Color Pencil Set Free),8 pack,135,Snacks
Mama Instant Noodles Hot & Spicy Flavor,248 gm,66,Snacks
Mama Hot & Spicy Cup Noodles,62 gm,60,Snacks
Sajeeb Tandoori Chicken Noodles,180 gm,20,Snacks
Ifad Eggy Instant Masala Noodles (Buy 2 Get 1 Free),480 gm,260,Snacks
Dekko Egg Noodles,280 gm,30,Snacks
Cocola Cook Masala Noodles,400 gm,65,Snacks
Mama Shrimp Noodles 8 pcs,496 gm,130,Snacks
Chopstick Yummy Masala Instant Noodles,496 gm,135,Snacks
Sajeeb Noodles Thai Flavor,180 gm,20,Snacks
Kolson Bar-B-Q Noodles,180 gm,20,Snacks
Mama Noodles Shrimp Flavour 4 pcs,248 gm,66,Snacks
Sajeeb Egg Noodles,180 gm,18,Snacks
Dragon Brand Noodles,300 gm,40,Snacks
Bashundhara Stick Noodles Masala,180 gm,20,Snacks
Mama Noodles Chicken Flavour 4 pcs,248 gm,66,Snacks
Chopstick Noodles Deshi Masala,744 gm,200,Snacks
Mama Oriental Style Instant Noodles Chicken Masala Flavour,60 gm,40,Snacks
Mama Instant Noodles Oriental Kitchen Hot Korean Flavour,85 gm,85,Snacks
Mama Oriental Style Instant Noodles Chicken Flavour,60 gm,40,Snacks
Mama Instant Noodles Oriental Kitchen Shrimp STIR Fried Tom Yum Sauce Flavour,85 gm,85,Snacks
Bashundhara Instant Noodles Masala,496 gm,135,Snacks
Kolson Egg Noodles,180 gm,18,Snacks
Ifad Eggy Instant Masala Noodles,480 gm,130,Snacks
Samyang Hot Chicken Stew Noodles,625 gm,799,Snacks
Mamee Express Tom Yam Flavour Cup Noodles,60 gm,120,Snacks
Cocola Chicken Masala Noodles Big Bazar,715 gm,100,Snacks
Samyang Hot Chicken Cheese Noodles,700 gm,799,Snacks
Foodie Spicy Chicken Noodles 8 Pack,520 gm,130,Snacks
Nissin Instant Veggi Manchow Cup Noodles,70 gm,95,Snacks
Fresh Instant Noodles 4 pcs,248 gm,66,Snacks
Samyang Hot Chicken Curry Noodles,600 gm,799,Snacks
Fresh Instant Noodles 8 pcs,495 gm,135,Snacks
Kolson Macaroni Shell,400 gm,65,Snacks
Bashundhara Tube Pasta,500 gm,80,Snacks
Pasta Hat Macaroni (Rigate),500 gm,130,Snacks
Kolson Macaroni Bamboo,400 gm,65,Snacks
Pasta Hat Spaghetti,500 gm,130,Snacks
Dekko Oyster Pasta (Buy 2 Get 1 Offer),200 gm,70,Snacks
Mr. Pasta Chili Chicken,248 gm,80,Snacks
Pasta Hat Macaroni (Screw),500 gm,130,Snacks
Bashundhara Sea Shell Pasta,500 gm,80,Snacks
Kolson Macaroni Assorted Pack,500 gm,100,Snacks
Bashundhara Bamboo Macaroni,400 gm,65,Snacks
Pasta Hat Macaroni (Big Elbow),500 gm,130,Snacks
Barilla Durum Wheat Pasta Spaghetti,500gm,280,Snacks
Bashundhara Screw Macaroni,400 gm,65,Snacks
Mr. Pasta Tangy Tomato,248 gm,80,Snacks
Reggia Pasta Lasagne Sheet,500 gm,350,Snacks
Santa Sophia La Pasta Burgu (Rotini),500 gm,149,Snacks
Barilla Durum Wheat Pasta Penne,500 gm,280,Snacks
Dekko Oyster Pasta,200 gm,35,Snacks
Barilla Durum Wheat Pasta Linguine,500gm,280,Snacks
Barilla Durum Wheat Pasta Fusilli,500 gm,280,Snacks
Barilla Durum Wheat Pasta Angel Hair,500gm,280,Snacks
Barilla Farfalle  Pasta (N.65),500 gm,299,Snacks
Bashundhara Big Oyster Macaroni,400 gm,65,Snacks
Saporito Penne Rigate (Italy),500 gm,175,Snacks
Santa Sophia Durum Wheat (Penne Rigate),500 gm,149,Snacks
Santa Sophia Durum Wheat (Big Shells),500 gm,149,Snacks
PRAN Hot Tomato Sauce,340 gm,90,Snacks
Ahmed Soya Sauce,500 ml,110,Snacks
Heinz Tomato Ketchup,300 gm,135,Snacks
Pran Soya Sauce,300 ml,70,Snacks
Heinz Chili Sauce,300 gm,140,Snacks
PRAN Tomato Ketchup,340 gm,90,Snacks
Chung  Soya Sauce,500 ml,80,Snacks
Shezan Tomato Ketchup,1 kg,180,Snacks
PRAN Hot Tomato Sauce Mini,10 pcs,30,Snacks
Ahmed Tomato Sauce,340 gm,90,Snacks
Ahmed Chilli Sauce,340 gm,90,Snacks
Maggi Soya Sauce (Free Maggi Masala Noodles 2 pcs),700 ml,220,Snacks
Ruchi Tomato Ketchup,350 gm,90,Snacks
Discovery Original Mustard Sauce,227 gm,195,Snacks
Ahmed Hot Tomato Sauce,340 gm,90,Snacks
Sajeeb Saya Sauce,300 ml,70,Snacks
Golden Harvest Chilli Sauce,340 gm,90,Snacks
King Bell Sweet Chili Sauce,330 ml,160,Snacks
Ahmed Sweet Chilli Sauce,340 gm,95,Snacks
American Garden BBQ Sauce Original,510 gm,366,Snacks
Remia Garlic Sauce,250 ml,180,Snacks
Bachun Oyster Sauce,350 ml,220,Snacks
Ahmed Garlic Sauce,340 gm,95,Snacks
MAGGI Soya Sauce,700 ml,220,Snacks
Pran Chilli Sauce,340 gm,100,Snacks
Umami Chili Sauce,300 ml,120,Snacks
Teo Tak Seng Silver Pomfret Fish Sauce 750 cc,,279,Snacks
Ahmed Hot Chilli Sauce,340 gm,95,Snacks
Reggia Napoletana Sauce,350 gm,235,Snacks
Discovery Original BBQ Sauce,490 gm,285,Snacks
Ahmed Tomato Ketchup,340 gm,90,Snacks
Reggia Arrabbiata Sauce,350 gm,235,Snacks
Umami BBQ Sauce,300 ml,190,Snacks
Best Tomato Ketchup,330 ml,121,Snacks
King Bell Tomato Ketchup,300 ml,150,Snacks
Ahmed Tamarind Sauce,340 gm,90,Snacks
Ragu Classic Alfredo Sauce,453 gm,600,Snacks
Sajeeb Tomato Ketchup,340 gm,85,Snacks
Sajeeb Hot Tomato Sauce,340 gm,85,Snacks
Shezan Hot Tomato Sauce,340 gm,90,Snacks
Umami Tomato Ketchup,300 ml,120,Snacks
Nando's Peri Peri Hot Sauce,250 gm,525,Snacks
Nando's Extra Extra Hot Peri Peri Sauce,250 gm,505,Snacks
Nando's Peri Peri Wild Herb Sauce,250 gm,525,Snacks
King Bell Chili Sauce,300 ml,130,Snacks
Formula 1 Soybean Sauce Thailand,700 ml,300,Snacks
Maekrua Oyster Sauce,600 ml,300,Snacks
BD Green Chili Sauce,380 gm,80,Snacks
Suree Premium Oyster Sauce,295 ml,415,Snacks
Suree Fish Sauce,295 ml,320,Snacks
Knorr Thai Soup,28 gm,40,Snacks
Knorr Soup Hot and Sour Chicken,31 gm,40,Snacks
Knorr Chicken Cube,20 gm,30,Snacks
Knorr Soup Chicken Corn,24 gm,40,Snacks
Nestlé MAGGI Healthy Soup Corn With Chicken Flavor (25 gm*4),4 pcs,160,Snacks
Nestlé Maggi Healthy Thai Soup (35 gm*4),4 pcs,160,Snacks
Nestlé MAGGI Shaad-e Magic Seasoning (4 gm*12),12 pcs,60,Snacks
Nestlé MAGGI Healthy Soup Vegetables (25 gm*4),4 pcs,160,Snacks
